<?xml version="1.0" encoding="UTF-8"?>

<scenario:scenario xmlns:scenario="urn:roborescue:map:scenario">
  <scenario:refuge scenario:location="44678"/>
  <scenario:refuge scenario:location="38218"/>
  <scenario:fire scenario:location="38424"/>
  <scenario:hydrant scenario:location="39234"/>
  <scenario:hydrant scenario:location="41667"/>
  <scenario:hydrant scenario:location="41797"/>
  <scenario:hydrant scenario:location="42118"/>
  <scenario:hydrant scenario:location="42374"/>
  <scenario:hydrant scenario:location="40327"/>
  <scenario:hydrant scenario:location="41864"/>
  <scenario:hydrant scenario:location="40911"/>
  <scenario:hydrant scenario:location="40852"/>
  <scenario:hydrant scenario:location="40533"/>
  <scenario:hydrant scenario:location="40405"/>
  <scenario:hydrant scenario:location="39830"/>
  <scenario:hydrant scenario:location="40344"/>
  <scenario:hydrant scenario:location="40987"/>
  <scenario:hydrant scenario:location="41565"/>
  <scenario:hydrant scenario:location="40607"/>
  <scenario:hydrant scenario:location="40227"/>
  <scenario:hydrant scenario:location="41575"/>
  <scenario:hydrant scenario:location="39402"/>
  <scenario:hydrant scenario:location="39216"/>
  <scenario:hydrant scenario:location="41777"/>
  <scenario:hydrant scenario:location="41650"/>
  <scenario:hydrant scenario:location="40882"/>
  <scenario:hydrant scenario:location="42165"/>
  <scenario:hydrant scenario:location="41653"/>
  <scenario:hydrant scenario:location="39735"/>
  <scenario:hydrant scenario:location="42042"/>
  <scenario:hydrant scenario:location="41405"/>
  <scenario:hydrant scenario:location="40062"/>
  <scenario:hydrant scenario:location="39551"/>
  <scenario:civilian scenario:location="39658"/>
  <scenario:civilian scenario:location="39845"/>
  <scenario:civilian scenario:location="41128"/>
  <scenario:civilian scenario:location="42011"/>
  <scenario:civilian scenario:location="39876"/>
  <scenario:civilian scenario:location="40936"/>
  <scenario:civilian scenario:location="39970"/>
  <scenario:civilian scenario:location="41635"/>
  <scenario:civilian scenario:location="40708"/>
  <scenario:civilian scenario:location="41273"/>
  <scenario:civilian scenario:location="39246"/>
  <scenario:civilian scenario:location="39428"/>
  <scenario:civilian scenario:location="39995"/>
  <scenario:civilian scenario:location="41111"/>
  <scenario:civilian scenario:location="40240"/>
  <scenario:civilian scenario:location="43531"/>
  <scenario:civilian scenario:location="39386"/>
  <scenario:civilian scenario:location="42087"/>
  <scenario:civilian scenario:location="41325"/>
  <scenario:civilian scenario:location="41332"/>
  <scenario:civilian scenario:location="40170"/>
  <scenario:civilian scenario:location="41602"/>
  <scenario:civilian scenario:location="40227"/>
  <scenario:civilian scenario:location="39967"/>
  <scenario:civilian scenario:location="40153"/>
  <scenario:civilian scenario:location="39686"/>
  <scenario:civilian scenario:location="42000"/>
  <scenario:civilian scenario:location="43272"/>
  <scenario:civilian scenario:location="41499"/>
  <scenario:civilian scenario:location="40325"/>
  <scenario:civilian scenario:location="41837"/>
  <scenario:civilian scenario:location="41962"/>
  <scenario:civilian scenario:location="40777"/>
  <scenario:civilian scenario:location="39685"/>
  <scenario:civilian scenario:location="41694"/>
  <scenario:civilian scenario:location="41931"/>
  <scenario:civilian scenario:location="39403"/>
  <scenario:civilian scenario:location="39544"/>
  <scenario:civilian scenario:location="39486"/>
  <scenario:civilian scenario:location="42062"/>
  <scenario:civilian scenario:location="39566"/>
  <scenario:civilian scenario:location="39976"/>
  <scenario:civilian scenario:location="39702"/>
  <scenario:civilian scenario:location="41616"/>
  <scenario:civilian scenario:location="41084"/>
  <scenario:civilian scenario:location="41053"/>
  <scenario:civilian scenario:location="40751"/>
  <scenario:civilian scenario:location="40771"/>
  <scenario:civilian scenario:location="41980"/>
  <scenario:civilian scenario:location="41037"/>
  <scenario:civilian scenario:location="38609"/>
  <scenario:civilian scenario:location="38303"/>
  <scenario:civilian scenario:location="38308"/>
  <scenario:civilian scenario:location="38380"/>
  <scenario:civilian scenario:location="38631"/>
  <scenario:civilian scenario:location="38652"/>
  <scenario:civilian scenario:location="38991"/>
  <scenario:civilian scenario:location="38246"/>
  <scenario:civilian scenario:location="38348"/>
  <scenario:civilian scenario:location="42690"/>
  <scenario:civilian scenario:location="38819"/>
  <scenario:civilian scenario:location="38296"/>
  <scenario:civilian scenario:location="38893"/>
  <scenario:civilian scenario:location="38659"/>
  <scenario:civilian scenario:location="38204"/>
  <scenario:civilian scenario:location="38740"/>
  <scenario:civilian scenario:location="42395"/>
  <scenario:civilian scenario:location="38767"/>
  <scenario:civilian scenario:location="38541"/>
  <scenario:civilian scenario:location="38518"/>
  <scenario:civilian scenario:location="38679"/>
  <scenario:civilian scenario:location="43612"/>
  <scenario:civilian scenario:location="38889"/>
  <scenario:civilian scenario:location="38802"/>
  <scenario:civilian scenario:location="38683"/>
  <scenario:civilian scenario:location="38233"/>
  <scenario:civilian scenario:location="38655"/>
  <scenario:civilian scenario:location="38766"/>
  <scenario:civilian scenario:location="39065"/>
  <scenario:civilian scenario:location="38965"/>
  <scenario:civilian scenario:location="38910"/>
  <scenario:civilian scenario:location="38624"/>
  <scenario:civilian scenario:location="38212"/>
  <scenario:civilian scenario:location="39010"/>
  <scenario:civilian scenario:location="38470"/>
  <scenario:civilian scenario:location="42500"/>
  <scenario:civilian scenario:location="38890"/>
  <scenario:civilian scenario:location="44348"/>
  <scenario:civilian scenario:location="38760"/>
  <scenario:civilian scenario:location="38475"/>
  <scenario:civilian scenario:location="38636"/>
  <scenario:civilian scenario:location="38875"/>
  <scenario:civilian scenario:location="38921"/>
  <scenario:civilian scenario:location="38245"/>
  <scenario:civilian scenario:location="42436"/>
  <scenario:civilian scenario:location="38237"/>
  <scenario:civilian scenario:location="39031"/>
  <scenario:civilian scenario:location="38656"/>
  <scenario:civilian scenario:location="38529"/>
  <scenario:civilian scenario:location="38274"/>
  <scenario:firebrigade scenario:location="41674"/>
  <scenario:firebrigade scenario:location="42036"/>
  <scenario:firebrigade scenario:location="40039"/>
  <scenario:firebrigade scenario:location="39951"/>
  <scenario:firebrigade scenario:location="41306"/>
  <scenario:firebrigade scenario:location="41073"/>
  <scenario:firebrigade scenario:location="39986"/>
  <scenario:firebrigade scenario:location="41926"/>
  <scenario:firebrigade scenario:location="41868"/>
  <scenario:firebrigade scenario:location="41379"/>
  <scenario:firebrigade scenario:location="39358"/>
  <scenario:firebrigade scenario:location="41834"/>
  <scenario:firestation scenario:location="38232"/>
  <scenario:policeforce scenario:location="40882"/>
  <scenario:policeforce scenario:location="40631"/>
  <scenario:policeforce scenario:location="44232"/>
  <scenario:policeforce scenario:location="41854"/>
  <scenario:policeforce scenario:location="42163"/>
  <scenario:policeforce scenario:location="39404"/>
  <scenario:policeforce scenario:location="41694"/>
  <scenario:policeforce scenario:location="42036"/>
  <scenario:policeforce scenario:location="43697"/>
  <scenario:policeforce scenario:location="41233"/>
  <scenario:policeforce scenario:location="40630"/>
  <scenario:policeforce scenario:location="40385"/>
  <scenario:policeoffice scenario:location="39038"/>
  <scenario:ambulanceteam scenario:location="41155"/>
  <scenario:ambulanceteam scenario:location="40413"/>
  <scenario:ambulanceteam scenario:location="41810"/>
  <scenario:ambulanceteam scenario:location="44318"/>
  <scenario:ambulanceteam scenario:location="39677"/>
  <scenario:ambulanceteam scenario:location="39566"/>
  <scenario:ambulanceteam scenario:location="40495"/>
  <scenario:ambulanceteam scenario:location="39362"/>
  <scenario:ambulanceteam scenario:location="39122"/>
  <scenario:ambulanceteam scenario:location="41287"/>
  <scenario:ambulanceteam scenario:location="40069"/>
  <scenario:ambulanceteam scenario:location="41415"/>
  <scenario:ambulancecentre scenario:location="38407"/>
</scenario:scenario>
