<?xml version="1.0" encoding="UTF-8"?>

<scenario:scenario xmlns:scenario="urn:roborescue:map:scenario">
  <scenario:refuge scenario:location="36961"/>
  <scenario:refuge scenario:location="55987"/>
  <scenario:refuge scenario:location="66037"/>
  <scenario:refuge scenario:location="32824"/>
  <scenario:refuge scenario:location="57211"/>
  <scenario:refuge scenario:location="42460"/>
  <scenario:refuge scenario:location="57677"/>
  <scenario:refuge scenario:location="32718"/>
  <scenario:fire scenario:location="49746"/>
  <scenario:fire scenario:location="40357"/>
  <scenario:fire scenario:location="64230"/>
  <scenario:fire scenario:location="57404"/>
  <scenario:fire scenario:location="55788"/>
  <scenario:fire scenario:location="42061"/>
  <scenario:fire scenario:location="39245"/>
  <scenario:hydrant scenario:location="14081"/>
  <scenario:hydrant scenario:location="25862"/>
  <scenario:hydrant scenario:location="66568"/>
  <scenario:hydrant scenario:location="14477"/>
  <scenario:hydrant scenario:location="11156"/>
  <scenario:hydrant scenario:location="31252"/>
  <scenario:hydrant scenario:location="18716"/>
  <scenario:hydrant scenario:location="7967"/>
  <scenario:hydrant scenario:location="66982"/>
  <scenario:hydrant scenario:location="7591"/>
  <scenario:hydrant scenario:location="66985"/>
  <scenario:hydrant scenario:location="34092"/>
  <scenario:hydrant scenario:location="47917"/>
  <scenario:hydrant scenario:location="7598"/>
  <scenario:hydrant scenario:location="42160"/>
  <scenario:hydrant scenario:location="10544"/>
  <scenario:hydrant scenario:location="55217"/>
  <scenario:hydrant scenario:location="15665"/>
  <scenario:hydrant scenario:location="1587"/>
  <scenario:hydrant scenario:location="60469"/>
  <scenario:hydrant scenario:location="2103"/>
  <scenario:hydrant scenario:location="17213"/>
  <scenario:hydrant scenario:location="17726"/>
  <scenario:hydrant scenario:location="19904"/>
  <scenario:hydrant scenario:location="67267"/>
  <scenario:hydrant scenario:location="4419"/>
  <scenario:hydrant scenario:location="36549"/>
  <scenario:hydrant scenario:location="4550"/>
  <scenario:hydrant scenario:location="54473"/>
  <scenario:hydrant scenario:location="7115"/>
  <scenario:hydrant scenario:location="24395"/>
  <scenario:hydrant scenario:location="24269"/>
  <scenario:hydrant scenario:location="8527"/>
  <scenario:hydrant scenario:location="17744"/>
  <scenario:hydrant scenario:location="62162"/>
  <scenario:hydrant scenario:location="35285"/>
  <scenario:hydrant scenario:location="51158"/>
  <scenario:hydrant scenario:location="6875"/>
  <scenario:hydrant scenario:location="14171"/>
  <scenario:hydrant scenario:location="19679"/>
  <scenario:hydrant scenario:location="9696"/>
  <scenario:hydrant scenario:location="13028"/>
  <scenario:hydrant scenario:location="41962"/>
  <scenario:hydrant scenario:location="20336"/>
  <scenario:hydrant scenario:location="35312"/>
  <scenario:hydrant scenario:location="7794"/>
  <scenario:hydrant scenario:location="36725"/>
  <scenario:hydrant scenario:location="16502"/>
  <scenario:hydrant scenario:location="3964"/>
  <scenario:hydrant scenario:location="66172"/>
  <scenario:civilian scenario:location="25088"/>
  <scenario:civilian scenario:location="35300"/>
  <scenario:civilian scenario:location="35003"/>
  <scenario:civilian scenario:location="42266"/>
  <scenario:civilian scenario:location="42266"/>
  <scenario:civilian scenario:location="42266"/>
  <scenario:civilian scenario:location="53429"/>
  <scenario:civilian scenario:location="46615"/>
  <scenario:civilian scenario:location="13829"/>
  <scenario:civilian scenario:location="67573"/>
  <scenario:civilian scenario:location="51869"/>
  <scenario:civilian scenario:location="47481"/>
  <scenario:civilian scenario:location="47481"/>
  <scenario:civilian scenario:location="41436"/>
  <scenario:civilian scenario:location="58199"/>
  <scenario:civilian scenario:location="45005"/>
  <scenario:civilian scenario:location="45368"/>
  <scenario:civilian scenario:location="62667"/>
  <scenario:civilian scenario:location="62667"/>
  <scenario:civilian scenario:location="62667"/>
  <scenario:civilian scenario:location="62667"/>
  <scenario:civilian scenario:location="62667"/>
  <scenario:civilian scenario:location="62667"/>
  <scenario:civilian scenario:location="62667"/>
  <scenario:civilian scenario:location="62667"/>
  <scenario:civilian scenario:location="62667"/>
  <scenario:civilian scenario:location="62667"/>
  <scenario:civilian scenario:location="49291"/>
  <scenario:civilian scenario:location="49291"/>
  <scenario:civilian scenario:location="49291"/>
  <scenario:civilian scenario:location="49291"/>
  <scenario:civilian scenario:location="49291"/>
  <scenario:civilian scenario:location="49291"/>
  <scenario:civilian scenario:location="49291"/>
  <scenario:civilian scenario:location="38904"/>
  <scenario:civilian scenario:location="38904"/>
  <scenario:civilian scenario:location="38904"/>
  <scenario:civilian scenario:location="38904"/>
  <scenario:civilian scenario:location="38904"/>
  <scenario:civilian scenario:location="41927"/>
  <scenario:civilian scenario:location="46793"/>
  <scenario:civilian scenario:location="46793"/>
  <scenario:civilian scenario:location="66000"/>
  <scenario:civilian scenario:location="34858"/>
  <scenario:civilian scenario:location="34858"/>
  <scenario:civilian scenario:location="53361"/>
  <scenario:civilian scenario:location="31889"/>
  <scenario:civilian scenario:location="31889"/>
  <scenario:civilian scenario:location="53628"/>
  <scenario:civilian scenario:location="53628"/>
  <scenario:civilian scenario:location="57365"/>
  <scenario:civilian scenario:location="39030"/>
  <scenario:civilian scenario:location="59364"/>
  <scenario:civilian scenario:location="27296"/>
  <scenario:civilian scenario:location="47481"/>
  <scenario:civilian scenario:location="47481"/>
  <scenario:civilian scenario:location="53361"/>
  <scenario:civilian scenario:location="29414"/>
  <scenario:civilian scenario:location="29414"/>
  <scenario:civilian scenario:location="61771"/>
  <scenario:civilian scenario:location="61771"/>
  <scenario:civilian scenario:location="67572"/>
  <scenario:civilian scenario:location="67572"/>
  <scenario:civilian scenario:location="38489"/>
  <scenario:civilian scenario:location="38489"/>
  <scenario:civilian scenario:location="55034"/>
  <scenario:civilian scenario:location="45643"/>
  <scenario:civilian scenario:location="63978"/>
  <scenario:civilian scenario:location="63978"/>
  <scenario:civilian scenario:location="63978"/>
  <scenario:civilian scenario:location="57644"/>
  <scenario:civilian scenario:location="40868"/>
  <scenario:civilian scenario:location="36794"/>
  <scenario:civilian scenario:location="28669"/>
  <scenario:civilian scenario:location="49218"/>
  <scenario:civilian scenario:location="41159"/>
  <scenario:civilian scenario:location="45877"/>
  <scenario:civilian scenario:location="45877"/>
  <scenario:civilian scenario:location="13631"/>
  <scenario:civilian scenario:location="64751"/>
  <scenario:civilian scenario:location="41320"/>
  <scenario:civilian scenario:location="35952"/>
  <scenario:civilian scenario:location="62835"/>
  <scenario:civilian scenario:location="59416"/>
  <scenario:civilian scenario:location="28037"/>
  <scenario:civilian scenario:location="39430"/>
  <scenario:civilian scenario:location="39687"/>
  <scenario:civilian scenario:location="50755"/>
  <scenario:civilian scenario:location="60921"/>
  <scenario:civilian scenario:location="50078"/>
  <scenario:civilian scenario:location="50078"/>
  <scenario:civilian scenario:location="50078"/>
  <scenario:civilian scenario:location="50078"/>
  <scenario:civilian scenario:location="45498"/>
  <scenario:civilian scenario:location="51643"/>
  <scenario:civilian scenario:location="29177"/>
  <scenario:civilian scenario:location="49815"/>
  <scenario:civilian scenario:location="53429"/>
  <scenario:civilian scenario:location="62227"/>
  <scenario:civilian scenario:location="46429"/>
  <scenario:civilian scenario:location="40145"/>
  <scenario:civilian scenario:location="40145"/>
  <scenario:civilian scenario:location="40145"/>
  <scenario:civilian scenario:location="34537"/>
  <scenario:civilian scenario:location="11768"/>
  <scenario:civilian scenario:location="56319"/>
  <scenario:civilian scenario:location="40868"/>
  <scenario:civilian scenario:location="40868"/>
  <scenario:civilian scenario:location="53896"/>
  <scenario:civilian scenario:location="33842"/>
  <scenario:civilian scenario:location="33842"/>
  <scenario:civilian scenario:location="40205"/>
  <scenario:civilian scenario:location="40205"/>
  <scenario:civilian scenario:location="40205"/>
  <scenario:civilian scenario:location="64799"/>
  <scenario:civilian scenario:location="29383"/>
  <scenario:civilian scenario:location="67961"/>
  <scenario:civilian scenario:location="55034"/>
  <scenario:civilian scenario:location="62667"/>
  <scenario:civilian scenario:location="62667"/>
  <scenario:civilian scenario:location="63978"/>
  <scenario:civilian scenario:location="50755"/>
  <scenario:civilian scenario:location="60921"/>
  <scenario:civilian scenario:location="38489"/>
  <scenario:civilian scenario:location="61771"/>
  <scenario:civilian scenario:location="67580"/>
  <scenario:civilian scenario:location="67580"/>
  <scenario:civilian scenario:location="67580"/>
  <scenario:civilian scenario:location="67580"/>
  <scenario:civilian scenario:location="27439"/>
  <scenario:civilian scenario:location="27439"/>
  <scenario:civilian scenario:location="67579"/>
  <scenario:civilian scenario:location="67579"/>
  <scenario:civilian scenario:location="48779"/>
  <scenario:civilian scenario:location="38271"/>
  <scenario:civilian scenario:location="61705"/>
  <scenario:civilian scenario:location="36665"/>
  <scenario:civilian scenario:location="36653"/>
  <scenario:civilian scenario:location="31140"/>
  <scenario:civilian scenario:location="52327"/>
  <scenario:civilian scenario:location="37542"/>
  <scenario:civilian scenario:location="55539"/>
  <scenario:civilian scenario:location="58531"/>
  <scenario:civilian scenario:location="36794"/>
  <scenario:civilian scenario:location="58025"/>
  <scenario:civilian scenario:location="43379"/>
  <scenario:civilian scenario:location="62748"/>
  <scenario:civilian scenario:location="50287"/>
  <scenario:civilian scenario:location="31493"/>
  <scenario:civilian scenario:location="34254"/>
  <scenario:civilian scenario:location="56280"/>
  <scenario:civilian scenario:location="60053"/>
  <scenario:civilian scenario:location="53295"/>
  <scenario:civilian scenario:location="63209"/>
  <scenario:civilian scenario:location="28615"/>
  <scenario:civilian scenario:location="40357"/>
  <scenario:civilian scenario:location="52950"/>
  <scenario:civilian scenario:location="55156"/>
  <scenario:civilian scenario:location="61705"/>
  <scenario:civilian scenario:location="28944"/>
  <scenario:civilian scenario:location="67580"/>
  <scenario:civilian scenario:location="26947"/>
  <scenario:civilian scenario:location="60000"/>
  <scenario:civilian scenario:location="27468"/>
  <scenario:civilian scenario:location="45255"/>
  <scenario:civilian scenario:location="41295"/>
  <scenario:civilian scenario:location="46908"/>
  <scenario:civilian scenario:location="39881"/>
  <scenario:civilian scenario:location="64931"/>
  <scenario:civilian scenario:location="34142"/>
  <scenario:civilian scenario:location="50728"/>
  <scenario:civilian scenario:location="52300"/>
  <scenario:civilian scenario:location="53787"/>
  <scenario:civilian scenario:location="61153"/>
  <scenario:civilian scenario:location="59259"/>
  <scenario:civilian scenario:location="32133"/>
  <scenario:civilian scenario:location="61507"/>
  <scenario:civilian scenario:location="45570"/>
  <scenario:civilian scenario:location="60280"/>
  <scenario:civilian scenario:location="27113"/>
  <scenario:civilian scenario:location="65022"/>
  <scenario:civilian scenario:location="59259"/>
  <scenario:civilian scenario:location="32654"/>
  <scenario:civilian scenario:location="27608"/>
  <scenario:civilian scenario:location="49946"/>
  <scenario:civilian scenario:location="34475"/>
  <scenario:civilian scenario:location="28407"/>
  <scenario:civilian scenario:location="38879"/>
  <scenario:civilian scenario:location="55539"/>
  <scenario:civilian scenario:location="33603"/>
  <scenario:civilian scenario:location="61546"/>
  <scenario:civilian scenario:location="27656"/>
  <scenario:civilian scenario:location="36420"/>
  <scenario:civilian scenario:location="62978"/>
  <scenario:civilian scenario:location="46736"/>
  <scenario:civilian scenario:location="32388"/>
  <scenario:civilian scenario:location="54976"/>
  <scenario:civilian scenario:location="29873"/>
  <scenario:civilian scenario:location="27898"/>
  <scenario:civilian scenario:location="40095"/>
  <scenario:civilian scenario:location="36893"/>
  <scenario:civilian scenario:location="54217"/>
  <scenario:civilian scenario:location="64701"/>
  <scenario:civilian scenario:location="63106"/>
  <scenario:civilian scenario:location="66981"/>
  <scenario:civilian scenario:location="30742"/>
  <scenario:civilian scenario:location="42419"/>
  <scenario:civilian scenario:location="48217"/>
  <scenario:civilian scenario:location="27376"/>
  <scenario:civilian scenario:location="52634"/>
  <scenario:civilian scenario:location="30974"/>
  <scenario:civilian scenario:location="44019"/>
  <scenario:civilian scenario:location="66360"/>
  <scenario:civilian scenario:location="33740"/>
  <scenario:civilian scenario:location="60028"/>
  <scenario:civilian scenario:location="60028"/>
  <scenario:civilian scenario:location="60028"/>
  <scenario:civilian scenario:location="60028"/>
  <scenario:civilian scenario:location="60028"/>
  <scenario:civilian scenario:location="60028"/>
  <scenario:civilian scenario:location="60028"/>
  <scenario:civilian scenario:location="60028"/>
  <scenario:civilian scenario:location="60028"/>
  <scenario:civilian scenario:location="60028"/>
  <scenario:civilian scenario:location="54823"/>
  <scenario:civilian scenario:location="54823"/>
  <scenario:civilian scenario:location="54823"/>
  <scenario:civilian scenario:location="54823"/>
  <scenario:civilian scenario:location="54823"/>
  <scenario:civilian scenario:location="54823"/>
  <scenario:civilian scenario:location="54823"/>
  <scenario:civilian scenario:location="54823"/>
  <scenario:civilian scenario:location="54823"/>
  <scenario:civilian scenario:location="26916"/>
  <scenario:firebrigade scenario:location="21344"/>
  <scenario:firebrigade scenario:location="21344"/>
  <scenario:firebrigade scenario:location="21344"/>
  <scenario:firebrigade scenario:location="21344"/>
  <scenario:firebrigade scenario:location="21344"/>
  <scenario:firebrigade scenario:location="21344"/>
  <scenario:firebrigade scenario:location="21344"/>
  <scenario:firebrigade scenario:location="21344"/>
  <scenario:firebrigade scenario:location="21344"/>
  <scenario:firebrigade scenario:location="21344"/>
  <scenario:firebrigade scenario:location="21344"/>
  <scenario:firebrigade scenario:location="21344"/>
  <scenario:firebrigade scenario:location="21344"/>
  <scenario:firebrigade scenario:location="21344"/>
  <scenario:firebrigade scenario:location="21344"/>
  <scenario:firebrigade scenario:location="21344"/>
  <scenario:firebrigade scenario:location="21344"/>
  <scenario:firebrigade scenario:location="21344"/>
  <scenario:firebrigade scenario:location="21344"/>
  <scenario:firebrigade scenario:location="21344"/>
  <scenario:firebrigade scenario:location="21344"/>
  <scenario:firebrigade scenario:location="21344"/>
  <scenario:firebrigade scenario:location="21344"/>
  <scenario:firebrigade scenario:location="21344"/>
  <scenario:firebrigade scenario:location="21344"/>
  <scenario:firebrigade scenario:location="21344"/>
  <scenario:firebrigade scenario:location="21344"/>
  <scenario:firebrigade scenario:location="21344"/>
  <scenario:firebrigade scenario:location="21344"/>
  <scenario:firebrigade scenario:location="21344"/>
  <scenario:firebrigade scenario:location="21344"/>
  <scenario:firebrigade scenario:location="21344"/>
  <scenario:firebrigade scenario:location="21344"/>
  <scenario:firebrigade scenario:location="21344"/>
  <scenario:policeforce scenario:location="4371"/>
  <scenario:policeforce scenario:location="57302"/>
  <scenario:policeforce scenario:location="20417"/>
  <scenario:policeforce scenario:location="65341"/>
  <scenario:policeforce scenario:location="28656"/>
  <scenario:policeforce scenario:location="56130"/>
  <scenario:policeforce scenario:location="67597"/>
  <scenario:policeforce scenario:location="5706"/>
  <scenario:policeforce scenario:location="65341"/>
  <scenario:policeforce scenario:location="64908"/>
  <scenario:policeforce scenario:location="18401"/>
  <scenario:policeforce scenario:location="16988"/>
  <scenario:policeforce scenario:location="20345"/>
  <scenario:policeforce scenario:location="14477"/>
  <scenario:policeforce scenario:location="11912"/>
  <scenario:policeforce scenario:location="28142"/>
  <scenario:policeforce scenario:location="14162"/>
  <scenario:policeforce scenario:location="11552"/>
  <scenario:policeforce scenario:location="1391"/>
  <scenario:policeforce scenario:location="54443"/>
  <scenario:policeforce scenario:location="52339"/>
  <scenario:policeforce scenario:location="64638"/>
  <scenario:policeforce scenario:location="2963"/>
  <scenario:policeforce scenario:location="14927"/>
  <scenario:policeforce scenario:location="51338"/>
  <scenario:policeforce scenario:location="6231"/>
  <scenario:policeforce scenario:location="58245"/>
  <scenario:policeforce scenario:location="61082"/>
  <scenario:policeforce scenario:location="59091"/>
  <scenario:policeforce scenario:location="67477"/>
  <scenario:policeforce scenario:location="53210"/>
  <scenario:policeforce scenario:location="2940"/>
  <scenario:policeforce scenario:location="21335"/>
  <scenario:policeforce scenario:location="21344"/>
  <scenario:policeforce scenario:location="2121"/>
  <scenario:policeforce scenario:location="21326"/>
  <scenario:ambulanceteam scenario:location="1571"/>
  <scenario:ambulanceteam scenario:location="9404"/>
  <scenario:ambulanceteam scenario:location="3964"/>
  <scenario:ambulanceteam scenario:location="42408"/>
  <scenario:ambulanceteam scenario:location="47917"/>
  <scenario:ambulanceteam scenario:location="5820"/>
  <scenario:ambulanceteam scenario:location="58848"/>
  <scenario:ambulanceteam scenario:location="66747"/>
  <scenario:ambulanceteam scenario:location="2549"/>
  <scenario:ambulanceteam scenario:location="52339"/>
  <scenario:ambulanceteam scenario:location="11444"/>
  <scenario:ambulanceteam scenario:location="40489"/>
  <scenario:ambulanceteam scenario:location="17735"/>
  <scenario:ambulanceteam scenario:location="8370"/>
  <scenario:ambulanceteam scenario:location="3472"/>
  <scenario:ambulanceteam scenario:location="12245"/>
  <scenario:ambulanceteam scenario:location="24584"/>
  <scenario:ambulanceteam scenario:location="39085"/>
  <scenario:ambulanceteam scenario:location="23648"/>
  <scenario:ambulanceteam scenario:location="7387"/>
  <scenario:ambulanceteam scenario:location="3380"/>
  <scenario:ambulanceteam scenario:location="53799"/>
  <scenario:ambulanceteam scenario:location="6252"/>
  <scenario:ambulanceteam scenario:location="33877"/>
  <scenario:ambulanceteam scenario:location="35937"/>
  <scenario:ambulanceteam scenario:location="68429"/>
  <scenario:ambulanceteam scenario:location="48745"/>
  <scenario:ambulanceteam scenario:location="8846"/>
  <scenario:ambulanceteam scenario:location="66522"/>
  <scenario:ambulanceteam scenario:location="43716"/>
  <scenario:ambulanceteam scenario:location="31001"/>
  <scenario:ambulanceteam scenario:location="50078"/>
  <scenario:ambulanceteam scenario:location="65999"/>
  <scenario:ambulancecentre scenario:location="64088"/>
  <scenario:ambulancecentre scenario:location="26517"/>
  <scenario:ambulancecentre scenario:location="60188"/>
  <scenario:ambulancecentre scenario:location="66855"/>
</scenario:scenario>
