<?xml version="1.0" encoding="UTF-8"?>

<scenario:scenario xmlns:scenario="urn:roborescue:map:scenario">
  <scenario:refuge scenario:location="193109"/>
  <scenario:refuge scenario:location="201403"/>
  <scenario:refuge scenario:location="189868"/>
  <scenario:fire scenario:location="189794"/>
  <scenario:fire scenario:location="201250"/>
  <scenario:fire scenario:location="201249"/>
  <scenario:fire scenario:location="189760"/>
  <scenario:fire scenario:location="189812"/>
  <scenario:fire scenario:location="189829"/>
  <scenario:fire scenario:location="201404"/>
  <scenario:hydrant scenario:location="188675"/>
  <scenario:hydrant scenario:location="202244"/>
  <scenario:hydrant scenario:location="189195"/>
  <scenario:hydrant scenario:location="199183"/>
  <scenario:hydrant scenario:location="197910"/>
  <scenario:hydrant scenario:location="192404"/>
  <scenario:hydrant scenario:location="197653"/>
  <scenario:hydrant scenario:location="189466"/>
  <scenario:hydrant scenario:location="200730"/>
  <scenario:hydrant scenario:location="199331"/>
  <scenario:hydrant scenario:location="197926"/>
  <scenario:hydrant scenario:location="199717"/>
  <scenario:hydrant scenario:location="204331"/>
  <scenario:hydrant scenario:location="194856"/>
  <scenario:hydrant scenario:location="191913"/>
  <scenario:hydrant scenario:location="203183"/>
  <scenario:hydrant scenario:location="199343"/>
  <scenario:hydrant scenario:location="189231"/>
  <scenario:hydrant scenario:location="200364"/>
  <scenario:hydrant scenario:location="197424"/>
  <scenario:hydrant scenario:location="196411"/>
  <scenario:hydrant scenario:location="194749"/>
  <scenario:hydrant scenario:location="201795"/>
  <scenario:hydrant scenario:location="199234"/>
  <scenario:hydrant scenario:location="187585"/>
  <scenario:hydrant scenario:location="195527"/>
  <scenario:hydrant scenario:location="189128"/>
  <scenario:hydrant scenario:location="194764"/>
  <scenario:hydrant scenario:location="194765"/>
  <scenario:hydrant scenario:location="190042"/>
  <scenario:hydrant scenario:location="190554"/>
  <scenario:hydrant scenario:location="193369"/>
  <scenario:hydrant scenario:location="193247"/>
  <scenario:hydrant scenario:location="194531"/>
  <scenario:hydrant scenario:location="203745"/>
  <scenario:hydrant scenario:location="199140"/>
  <scenario:hydrant scenario:location="199275"/>
  <scenario:hydrant scenario:location="191339"/>
  <scenario:hydrant scenario:location="200296"/>
  <scenario:hydrant scenario:location="203758"/>
  <scenario:hydrant scenario:location="194669"/>
  <scenario:hydrant scenario:location="197874"/>
  <scenario:hydrant scenario:location="200695"/>
  <scenario:hydrant scenario:location="194805"/>
  <scenario:hydrant scenario:location="199802"/>
  <scenario:hydrant scenario:location="193403"/>
  <scenario:hydrant scenario:location="190328"/>
  <scenario:hydrant scenario:location="199160"/>
  <scenario:hydrant scenario:location="203263"/>
  <scenario:hydrant scenario:location="191614"/>
  <scenario:hydrant scenario:location="199550"/>
  <scenario:hydrant scenario:location="193407"/>
  <scenario:hydrant scenario:location="199164"/>
  <scenario:gasstation scenario:location="204529"/>
  <scenario:gasstation scenario:location="192209"/>
  <scenario:gasstation scenario:location="197724"/>
  <scenario:civilian scenario:location="201036"/>
  <scenario:civilian scenario:location="199720"/>
  <scenario:civilian scenario:location="193337"/>
  <scenario:civilian scenario:location="189936"/>
  <scenario:civilian scenario:location="194974"/>
  <scenario:civilian scenario:location="202391"/>
  <scenario:civilian scenario:location="190760"/>
  <scenario:civilian scenario:location="197334"/>
  <scenario:civilian scenario:location="189902"/>
  <scenario:civilian scenario:location="200551"/>
  <scenario:civilian scenario:location="197687"/>
  <scenario:civilian scenario:location="204589"/>
  <scenario:civilian scenario:location="190998"/>
  <scenario:civilian scenario:location="189531"/>
  <scenario:civilian scenario:location="192226"/>
  <scenario:civilian scenario:location="202755"/>
  <scenario:civilian scenario:location="197493"/>
  <scenario:civilian scenario:location="199865"/>
  <scenario:civilian scenario:location="187476"/>
  <scenario:civilian scenario:location="202863"/>
  <scenario:civilian scenario:location="201668"/>
  <scenario:civilian scenario:location="202863"/>
  <scenario:civilian scenario:location="201797"/>
  <scenario:civilian scenario:location="204043"/>
  <scenario:civilian scenario:location="192091"/>
  <scenario:civilian scenario:location="200912"/>
  <scenario:civilian scenario:location="190572"/>
  <scenario:civilian scenario:location="191423"/>
  <scenario:civilian scenario:location="201403"/>
  <scenario:civilian scenario:location="203167"/>
  <scenario:civilian scenario:location="201634"/>
  <scenario:civilian scenario:location="187365"/>
  <scenario:civilian scenario:location="195585"/>
  <scenario:civilian scenario:location="203873"/>
  <scenario:civilian scenario:location="200173"/>
  <scenario:civilian scenario:location="192277"/>
  <scenario:civilian scenario:location="202614"/>
  <scenario:civilian scenario:location="190555"/>
  <scenario:civilian scenario:location="197246"/>
  <scenario:civilian scenario:location="203856"/>
  <scenario:civilian scenario:location="187162"/>
  <scenario:civilian scenario:location="197140"/>
  <scenario:civilian scenario:location="195948"/>
  <scenario:civilian scenario:location="195832"/>
  <scenario:civilian scenario:location="193233"/>
  <scenario:civilian scenario:location="197088"/>
  <scenario:civilian scenario:location="199454"/>
  <scenario:civilian scenario:location="189558"/>
  <scenario:civilian scenario:location="200607"/>
  <scenario:civilian scenario:location="191032"/>
  <scenario:civilian scenario:location="195828"/>
  <scenario:civilian scenario:location="200382"/>
  <scenario:civilian scenario:location="199994"/>
  <scenario:civilian scenario:location="193474"/>
  <scenario:civilian scenario:location="192260"/>
  <scenario:civilian scenario:location="201582"/>
  <scenario:civilian scenario:location="204478"/>
  <scenario:civilian scenario:location="200607"/>
  <scenario:civilian scenario:location="200348"/>
  <scenario:civilian scenario:location="191147"/>
  <scenario:civilian scenario:location="203958"/>
  <scenario:civilian scenario:location="193054"/>
  <scenario:civilian scenario:location="199684"/>
  <scenario:civilian scenario:location="195084"/>
  <scenario:civilian scenario:location="200495"/>
  <scenario:civilian scenario:location="200696"/>
  <scenario:civilian scenario:location="187155"/>
  <scenario:civilian scenario:location="202504"/>
  <scenario:civilian scenario:location="197088"/>
  <scenario:civilian scenario:location="201875"/>
  <scenario:civilian scenario:location="201249"/>
  <scenario:civilian scenario:location="200138"/>
  <scenario:civilian scenario:location="193414"/>
  <scenario:civilian scenario:location="200279"/>
  <scenario:civilian scenario:location="201875"/>
  <scenario:civilian scenario:location="195832"/>
  <scenario:civilian scenario:location="201893"/>
  <scenario:civilian scenario:location="187163"/>
  <scenario:civilian scenario:location="204466"/>
  <scenario:civilian scenario:location="200241"/>
  <scenario:civilian scenario:location="204315"/>
  <scenario:civilian scenario:location="192142"/>
  <scenario:civilian scenario:location="191220"/>
  <scenario:civilian scenario:location="197371"/>
  <scenario:civilian scenario:location="190060"/>
  <scenario:civilian scenario:location="201002"/>
  <scenario:civilian scenario:location="200984"/>
  <scenario:civilian scenario:location="193474"/>
  <scenario:civilian scenario:location="195368"/>
  <scenario:civilian scenario:location="190843"/>
  <scenario:civilian scenario:location="187163"/>
  <scenario:civilian scenario:location="204438"/>
  <scenario:civilian scenario:location="201155"/>
  <scenario:civilian scenario:location="200714"/>
  <scenario:civilian scenario:location="194874"/>
  <scenario:civilian scenario:location="189760"/>
  <scenario:civilian scenario:location="197406"/>
  <scenario:civilian scenario:location="200049"/>
  <scenario:civilian scenario:location="191706"/>
  <scenario:civilian scenario:location="191271"/>
  <scenario:civilian scenario:location="190380"/>
  <scenario:civilian scenario:location="186964"/>
  <scenario:civilian scenario:location="204438"/>
  <scenario:civilian scenario:location="196391"/>
  <scenario:civilian scenario:location="196052"/>
  <scenario:civilian scenario:location="187155"/>
  <scenario:civilian scenario:location="190499"/>
  <scenario:civilian scenario:location="201138"/>
  <scenario:civilian scenario:location="204391"/>
  <scenario:civilian scenario:location="192001"/>
  <scenario:civilian scenario:location="201155"/>
  <scenario:civilian scenario:location="201346"/>
  <scenario:civilian scenario:location="200534"/>
  <scenario:civilian scenario:location="199721"/>
  <scenario:civilian scenario:location="189636"/>
  <scenario:civilian scenario:location="199886"/>
  <scenario:civilian scenario:location="196977"/>
  <scenario:civilian scenario:location="203009"/>
  <scenario:civilian scenario:location="195642"/>
  <scenario:civilian scenario:location="200985"/>
  <scenario:civilian scenario:location="190669"/>
  <scenario:civilian scenario:location="200207"/>
  <scenario:civilian scenario:location="201983"/>
  <scenario:civilian scenario:location="200280"/>
  <scenario:civilian scenario:location="190329"/>
  <scenario:civilian scenario:location="196169"/>
  <scenario:civilian scenario:location="195585"/>
  <scenario:civilian scenario:location="203992"/>
  <scenario:civilian scenario:location="196529"/>
  <scenario:civilian scenario:location="202755"/>
  <scenario:civilian scenario:location="204298"/>
  <scenario:civilian scenario:location="200207"/>
  <scenario:civilian scenario:location="195437"/>
  <scenario:civilian scenario:location="186964"/>
  <scenario:civilian scenario:location="187164"/>
  <scenario:civilian scenario:location="203099"/>
  <scenario:civilian scenario:location="199435"/>
  <scenario:civilian scenario:location="197050"/>
  <scenario:civilian scenario:location="196883"/>
  <scenario:civilian scenario:location="196395"/>
  <scenario:civilian scenario:location="203167"/>
  <scenario:civilian scenario:location="196050"/>
  <scenario:civilian scenario:location="202615"/>
  <scenario:civilian scenario:location="187164"/>
  <scenario:civilian scenario:location="203958"/>
  <scenario:civilian scenario:location="196051"/>
  <scenario:civilian scenario:location="191322"/>
  <scenario:civilian scenario:location="193339"/>
  <scenario:civilian scenario:location="204496"/>
  <scenario:civilian scenario:location="193233"/>
  <scenario:civilian scenario:location="190397"/>
  <scenario:civilian scenario:location="196170"/>
  <scenario:civilian scenario:location="193340"/>
  <scenario:civilian scenario:location="196448"/>
  <scenario:civilian scenario:location="189581"/>
  <scenario:civilian scenario:location="195366"/>
  <scenario:civilian scenario:location="203009"/>
  <scenario:civilian scenario:location="191164"/>
  <scenario:civilian scenario:location="202425"/>
  <scenario:civilian scenario:location="203167"/>
  <scenario:civilian scenario:location="204421"/>
  <scenario:civilian scenario:location="190998"/>
  <scenario:civilian scenario:location="201036"/>
  <scenario:civilian scenario:location="200297"/>
  <scenario:civilian scenario:location="201249"/>
  <scenario:civilian scenario:location="201797"/>
  <scenario:civilian scenario:location="200783"/>
  <scenario:civilian scenario:location="191322"/>
  <scenario:civilian scenario:location="201522"/>
  <scenario:civilian scenario:location="202755"/>
  <scenario:civilian scenario:location="196358"/>
  <scenario:civilian scenario:location="193431"/>
  <scenario:civilian scenario:location="196548"/>
  <scenario:civilian scenario:location="194996"/>
  <scenario:civilian scenario:location="191829"/>
  <scenario:civilian scenario:location="192422"/>
  <scenario:civilian scenario:location="204588"/>
  <scenario:civilian scenario:location="199435"/>
  <scenario:civilian scenario:location="203009"/>
  <scenario:civilian scenario:location="202919"/>
  <scenario:civilian scenario:location="195947"/>
  <scenario:civilian scenario:location="191961"/>
  <scenario:civilian scenario:location="191581"/>
  <scenario:civilian scenario:location="202228"/>
  <scenario:civilian scenario:location="195087"/>
  <scenario:civilian scenario:location="193445"/>
  <scenario:civilian scenario:location="195367"/>
  <scenario:civilian scenario:location="191547"/>
  <scenario:civilian scenario:location="200015"/>
  <scenario:civilian scenario:location="191129"/>
  <scenario:civilian scenario:location="204043"/>
  <scenario:civilian scenario:location="197599"/>
  <scenario:civilian scenario:location="191829"/>
  <scenario:civilian scenario:location="194974"/>
  <scenario:civilian scenario:location="191671"/>
  <scenario:civilian scenario:location="196276"/>
  <scenario:civilian scenario:location="191203"/>
  <scenario:civilian scenario:location="190987"/>
  <scenario:civilian scenario:location="189794"/>
  <scenario:civilian scenario:location="200912"/>
  <scenario:civilian scenario:location="197724"/>
  <scenario:civilian scenario:location="187370"/>
  <scenario:civilian scenario:location="202481"/>
  <scenario:civilian scenario:location="200641"/>
  <scenario:civilian scenario:location="201002"/>
  <scenario:civilian scenario:location="201019"/>
  <scenario:civilian scenario:location="186964"/>
  <scenario:civilian scenario:location="203839"/>
  <scenario:civilian scenario:location="189868"/>
  <scenario:civilian scenario:location="190860"/>
  <scenario:civilian scenario:location="199915"/>
  <scenario:civilian scenario:location="202795"/>
  <scenario:civilian scenario:location="202391"/>
  <scenario:civilian scenario:location="201634"/>
  <scenario:civilian scenario:location="191983"/>
  <scenario:civilian scenario:location="196392"/>
  <scenario:civilian scenario:location="204412"/>
  <scenario:civilian scenario:location="203247"/>
  <scenario:civilian scenario:location="197140"/>
  <scenario:civilian scenario:location="200872"/>
  <scenario:civilian scenario:location="192057"/>
  <scenario:civilian scenario:location="196273"/>
  <scenario:civilian scenario:location="202322"/>
  <scenario:civilian scenario:location="187368"/>
  <scenario:civilian scenario:location="195529"/>
  <scenario:civilian scenario:location="203941"/>
  <scenario:civilian scenario:location="199915"/>
  <scenario:civilian scenario:location="187008"/>
  <scenario:civilian scenario:location="203026"/>
  <scenario:civilian scenario:location="196549"/>
  <scenario:civilian scenario:location="191220"/>
  <scenario:civilian scenario:location="196938"/>
  <scenario:civilian scenario:location="202035"/>
  <scenario:civilian scenario:location="192260"/>
  <scenario:civilian scenario:location="195256"/>
  <scenario:civilian scenario:location="196167"/>
  <scenario:civilian scenario:location="189953"/>
  <scenario:civilian scenario:location="191378"/>
  <scenario:civilian scenario:location="197333"/>
  <scenario:civilian scenario:location="199497"/>
  <scenario:civilian scenario:location="199497"/>
  <scenario:civilian scenario:location="201893"/>
  <scenario:civilian scenario:location="195529"/>
  <scenario:civilian scenario:location="190860"/>
  <scenario:civilian scenario:location="195530"/>
  <scenario:civilian scenario:location="192091"/>
  <scenario:civilian scenario:location="204264"/>
  <scenario:civilian scenario:location="187376"/>
  <scenario:civilian scenario:location="193445"/>
  <scenario:civilian scenario:location="189400"/>
  <scenario:civilian scenario:location="187370"/>
  <scenario:civilian scenario:location="202974"/>
  <scenario:civilian scenario:location="194974"/>
  <scenario:civilian scenario:location="201250"/>
  <scenario:civilian scenario:location="193414"/>
  <scenario:civilian scenario:location="191772"/>
  <scenario:civilian scenario:location="191322"/>
  <scenario:civilian scenario:location="190380"/>
  <scenario:civilian scenario:location="197264"/>
  <scenario:civilian scenario:location="203907"/>
  <scenario:civilian scenario:location="196391"/>
  <scenario:civilian scenario:location="193232"/>
  <scenario:civilian scenario:location="195436"/>
  <scenario:civilian scenario:location="192347"/>
  <scenario:civilian scenario:location="190482"/>
  <scenario:civilian scenario:location="196749"/>
  <scenario:civilian scenario:location="190555"/>
  <scenario:civilian scenario:location="204264"/>
  <scenario:civilian scenario:location="204264"/>
  <scenario:civilian scenario:location="195317"/>
  <scenario:civilian scenario:location="200534"/>
  <scenario:civilian scenario:location="200912"/>
  <scenario:civilian scenario:location="197266"/>
  <scenario:civilian scenario:location="191203"/>
  <scenario:civilian scenario:location="187162"/>
  <scenario:civilian scenario:location="193232"/>
  <scenario:civilian scenario:location="196977"/>
  <scenario:civilian scenario:location="193426"/>
  <scenario:civilian scenario:location="202340"/>
  <scenario:civilian scenario:location="196529"/>
  <scenario:civilian scenario:location="191846"/>
  <scenario:civilian scenario:location="195147"/>
  <scenario:civilian scenario:location="202017"/>
  <scenario:civilian scenario:location="196745"/>
  <scenario:civilian scenario:location="194996"/>
  <scenario:civilian scenario:location="196395"/>
  <scenario:civilian scenario:location="195087"/>
  <scenario:civilian scenario:location="200624"/>
  <scenario:civilian scenario:location="191147"/>
  <scenario:civilian scenario:location="189699"/>
  <scenario:civilian scenario:location="200365"/>
  <scenario:civilian scenario:location="192859"/>
  <scenario:civilian scenario:location="200748"/>
  <scenario:civilian scenario:location="190094"/>
  <scenario:civilian scenario:location="202653"/>
  <scenario:civilian scenario:location="200476"/>
  <scenario:civilian scenario:location="192074"/>
  <scenario:civilian scenario:location="203975"/>
  <scenario:civilian scenario:location="193232"/>
  <scenario:civilian scenario:location="187008"/>
  <scenario:firebrigade scenario:location="189291"/>
  <scenario:firebrigade scenario:location="189285"/>
  <scenario:firebrigade scenario:location="189288"/>
  <scenario:firebrigade scenario:location="189246"/>
  <scenario:firebrigade scenario:location="189240"/>
  <scenario:firebrigade scenario:location="189163"/>
  <scenario:firebrigade scenario:location="189161"/>
  <scenario:firebrigade scenario:location="189304"/>
  <scenario:firebrigade scenario:location="189303"/>
  <scenario:firebrigade scenario:location="189306"/>
  <scenario:firebrigade scenario:location="189307"/>
  <scenario:firebrigade scenario:location="189195"/>
  <scenario:firebrigade scenario:location="189194"/>
  <scenario:firebrigade scenario:location="189192"/>
  <scenario:firebrigade scenario:location="189190"/>
  <scenario:firebrigade scenario:location="189186"/>
  <scenario:firebrigade scenario:location="190801"/>
  <scenario:firebrigade scenario:location="199010"/>
  <scenario:firebrigade scenario:location="199009"/>
  <scenario:firebrigade scenario:location="199015"/>
  <scenario:firebrigade scenario:location="199013"/>
  <scenario:firebrigade scenario:location="199078"/>
  <scenario:firebrigade scenario:location="199075"/>
  <scenario:firebrigade scenario:location="199076"/>
  <scenario:firebrigade scenario:location="199008"/>
  <scenario:firebrigade scenario:location="199005"/>
  <scenario:firebrigade scenario:location="199517"/>
  <scenario:firebrigade scenario:location="199052"/>
  <scenario:firebrigade scenario:location="199053"/>
  <scenario:firebrigade scenario:location="199077"/>
  <scenario:firebrigade scenario:location="199054"/>
  <scenario:firebrigade scenario:location="191067"/>
  <scenario:firebrigade scenario:location="189064"/>
  <scenario:firebrigade scenario:location="189061"/>
  <scenario:firebrigade scenario:location="189058"/>
  <scenario:firebrigade scenario:location="189037"/>
  <scenario:firebrigade scenario:location="189059"/>
  <scenario:firebrigade scenario:location="189062"/>
  <scenario:firebrigade scenario:location="189065"/>
  <scenario:firebrigade scenario:location="191067"/>
  <scenario:firebrigade scenario:location="191068"/>
  <scenario:firebrigade scenario:location="193497"/>
  <scenario:firebrigade scenario:location="193498"/>
  <scenario:firebrigade scenario:location="193499"/>
  <scenario:firebrigade scenario:location="193500"/>
  <scenario:firebrigade scenario:location="193504"/>
  <scenario:firebrigade scenario:location="193505"/>
  <scenario:firebrigade scenario:location="193506"/>
  <scenario:policeforce scenario:location="189058"/>
  <scenario:policeforce scenario:location="193504"/>
  <scenario:policeforce scenario:location="189016"/>
  <scenario:policeforce scenario:location="194666"/>
  <scenario:policeforce scenario:location="194632"/>
  <scenario:policeforce scenario:location="194532"/>
  <scenario:policeforce scenario:location="201583"/>
  <scenario:policeforce scenario:location="199138"/>
  <scenario:policeforce scenario:location="189297"/>
  <scenario:policeforce scenario:location="189192"/>
  <scenario:policeforce scenario:location="189186"/>
  <scenario:policeforce scenario:location="194849"/>
  <scenario:policeforce scenario:location="194800"/>
  <scenario:policeforce scenario:location="189003"/>
  <scenario:policeforce scenario:location="189065"/>
  <scenario:policeforce scenario:location="195367"/>
  <scenario:policeforce scenario:location="199684"/>
  <scenario:policeforce scenario:location="199076"/>
  <scenario:policeforce scenario:location="191983"/>
  <scenario:policeforce scenario:location="192040"/>
  <scenario:policeforce scenario:location="191496"/>
  <scenario:policeforce scenario:location="190363"/>
  <scenario:policeforce scenario:location="189194"/>
  <scenario:policeforce scenario:location="189304"/>
  <scenario:policeforce scenario:location="192991"/>
  <scenario:policeforce scenario:location="199180"/>
  <scenario:policeforce scenario:location="204589"/>
  <scenario:policeforce scenario:location="202340"/>
  <scenario:policeforce scenario:location="202340"/>
  <scenario:policeforce scenario:location="202357"/>
  <scenario:policeforce scenario:location="202245"/>
  <scenario:policeforce scenario:location="199274"/>
  <scenario:policeforce scenario:location="204446"/>
  <scenario:policeforce scenario:location="202017"/>
  <scenario:policeforce scenario:location="204331"/>
  <scenario:policeforce scenario:location="204213"/>
  <scenario:policeforce scenario:location="194706"/>
  <scenario:policeforce scenario:location="199203"/>
  <scenario:policeforce scenario:location="194658"/>
  <scenario:policeforce scenario:location="194656"/>
  <scenario:policeforce scenario:location="199239"/>
  <scenario:policeforce scenario:location="194729"/>
  <scenario:ambulanceteam scenario:location="188998"/>
  <scenario:ambulanceteam scenario:location="191399"/>
  <scenario:ambulanceteam scenario:location="189024"/>
  <scenario:ambulanceteam scenario:location="194766"/>
  <scenario:ambulanceteam scenario:location="200983"/>
  <scenario:ambulanceteam scenario:location="187211"/>
  <scenario:ambulanceteam scenario:location="196581"/>
  <scenario:ambulanceteam scenario:location="197742"/>
  <scenario:ambulanceteam scenario:location="200584"/>
  <scenario:ambulanceteam scenario:location="203759"/>
  <scenario:ambulanceteam scenario:location="189243"/>
  <scenario:ambulanceteam scenario:location="188650"/>
  <scenario:ambulanceteam scenario:location="204571"/>
  <scenario:ambulanceteam scenario:location="188648"/>
  <scenario:ambulanceteam scenario:location="200313"/>
  <scenario:ambulanceteam scenario:location="195248"/>
  <scenario:ambulanceteam scenario:location="189228"/>
  <scenario:ambulanceteam scenario:location="194724"/>
  <scenario:ambulanceteam scenario:location="199071"/>
  <scenario:ambulanceteam scenario:location="189656"/>
  <scenario:ambulanceteam scenario:location="189244"/>
  <scenario:ambulanceteam scenario:location="194631"/>
  <scenario:ambulanceteam scenario:location="187573"/>
  <scenario:ambulanceteam scenario:location="203081"/>
  <scenario:ambulanceteam scenario:location="202613"/>
  <scenario:ambulanceteam scenario:location="200065"/>
  <scenario:ambulanceteam scenario:location="195775"/>
  <scenario:ambulanceteam scenario:location="193369"/>
  <scenario:ambulanceteam scenario:location="200137"/>
  <scenario:ambulanceteam scenario:location="191793"/>
  <scenario:ambulanceteam scenario:location="203229"/>
  <scenario:ambulanceteam scenario:location="195623"/>
  <scenario:ambulanceteam scenario:location="192040"/>
  <scenario:ambulanceteam scenario:location="189445"/>
  <scenario:ambulanceteam scenario:location="195369"/>
  <scenario:ambulanceteam scenario:location="190760"/>
  <scenario:ambulanceteam scenario:location="193424"/>
  <scenario:ambulanceteam scenario:location="192962"/>
  <scenario:ambulanceteam scenario:location="200912"/>
  <scenario:ambulanceteam scenario:location="201522"/>
  <scenario:ambulanceteam scenario:location="196917"/>
  <scenario:ambulanceteam scenario:location="193149"/>
  <scenario:ambulanceteam scenario:location="193232"/>
  <scenario:ambulanceteam scenario:location="200821"/>
  <scenario:ambulanceteam scenario:location="194995"/>
</scenario:scenario>
