<?xml version="1.0" encoding="UTF-8"?>

<scenario:scenario xmlns:scenario="urn:roborescue:map:scenario">
  <scenario:refuge scenario:location="25393"/>
  <scenario:refuge scenario:location="56818"/>
  <scenario:refuge scenario:location="43155"/>
  <scenario:fire scenario:location="27684"/>
  <scenario:fire scenario:location="64614"/>
  <scenario:fire scenario:location="58600"/>
  <scenario:fire scenario:location="62313"/>
  <scenario:fire scenario:location="60619"/>
  <scenario:fire scenario:location="55564"/>
  <scenario:fire scenario:location="53906"/>
  <scenario:fire scenario:location="25426"/>
  <scenario:fire scenario:location="19091"/>
  <scenario:fire scenario:location="25844"/>
  <scenario:fire scenario:location="28086"/>
  <scenario:fire scenario:location="58841"/>
  <scenario:fire scenario:location="60795"/>
  <scenario:fire scenario:location="21020"/>
  <scenario:fire scenario:location="37150"/>
  <scenario:hydrant scenario:location="8320"/>
  <scenario:hydrant scenario:location="11776"/>
  <scenario:hydrant scenario:location="20997"/>
  <scenario:hydrant scenario:location="7942"/>
  <scenario:hydrant scenario:location="11272"/>
  <scenario:hydrant scenario:location="18184"/>
  <scenario:hydrant scenario:location="6665"/>
  <scenario:hydrant scenario:location="4623"/>
  <scenario:hydrant scenario:location="13072"/>
  <scenario:hydrant scenario:location="51216"/>
  <scenario:hydrant scenario:location="11794"/>
  <scenario:hydrant scenario:location="11029"/>
  <scenario:hydrant scenario:location="8086"/>
  <scenario:hydrant scenario:location="535"/>
  <scenario:hydrant scenario:location="7447"/>
  <scenario:hydrant scenario:location="17689"/>
  <scenario:hydrant scenario:location="10651"/>
  <scenario:hydrant scenario:location="41118"/>
  <scenario:hydrant scenario:location="63007"/>
  <scenario:hydrant scenario:location="15394"/>
  <scenario:hydrant scenario:location="63010"/>
  <scenario:hydrant scenario:location="50467"/>
  <scenario:hydrant scenario:location="4388"/>
  <scenario:hydrant scenario:location="38"/>
  <scenario:hydrant scenario:location="36649"/>
  <scenario:hydrant scenario:location="45865"/>
  <scenario:hydrant scenario:location="5164"/>
  <scenario:hydrant scenario:location="53292"/>
  <scenario:hydrant scenario:location="36914"/>
  <scenario:hydrant scenario:location="7474"/>
  <scenario:hydrant scenario:location="17203"/>
  <scenario:hydrant scenario:location="11956"/>
  <scenario:hydrant scenario:location="15799"/>
  <scenario:hydrant scenario:location="44727"/>
  <scenario:hydrant scenario:location="4792"/>
  <scenario:hydrant scenario:location="17977"/>
  <scenario:hydrant scenario:location="24249"/>
  <scenario:hydrant scenario:location="3130"/>
  <scenario:hydrant scenario:location="43325"/>
  <scenario:hydrant scenario:location="11965"/>
  <scenario:hydrant scenario:location="10174"/>
  <scenario:hydrant scenario:location="11974"/>
  <scenario:hydrant scenario:location="44103"/>
  <scenario:hydrant scenario:location="54088"/>
  <scenario:hydrant scenario:location="63308"/>
  <scenario:hydrant scenario:location="12109"/>
  <scenario:hydrant scenario:location="11983"/>
  <scenario:hydrant scenario:location="48211"/>
  <scenario:hydrant scenario:location="11992"/>
  <scenario:hydrant scenario:location="1497"/>
  <scenario:hydrant scenario:location="60381"/>
  <scenario:hydrant scenario:location="13666"/>
  <scenario:hydrant scenario:location="996"/>
  <scenario:hydrant scenario:location="1252"/>
  <scenario:hydrant scenario:location="8041"/>
  <scenario:hydrant scenario:location="15979"/>
  <scenario:hydrant scenario:location="59119"/>
  <scenario:hydrant scenario:location="28146"/>
  <scenario:hydrant scenario:location="7924"/>
  <scenario:hydrant scenario:location="16762"/>
  <scenario:hydrant scenario:location="7933"/>
  <scenario:gasstation scenario:location="54016"/>
  <scenario:gasstation scenario:location="51717"/>
  <scenario:gasstation scenario:location="62313"/>
  <scenario:civilian scenario:location="32367"/>
  <scenario:civilian scenario:location="64749"/>
  <scenario:civilian scenario:location="47800"/>
  <scenario:civilian scenario:location="50180"/>
  <scenario:civilian scenario:location="45471"/>
  <scenario:civilian scenario:location="28894"/>
  <scenario:civilian scenario:location="64736"/>
  <scenario:civilian scenario:location="19927"/>
  <scenario:civilian scenario:location="64404"/>
  <scenario:civilian scenario:location="64404"/>
  <scenario:civilian scenario:location="33053"/>
  <scenario:civilian scenario:location="19927"/>
  <scenario:civilian scenario:location="37131"/>
  <scenario:civilian scenario:location="64402"/>
  <scenario:civilian scenario:location="64401"/>
  <scenario:civilian scenario:location="14692"/>
  <scenario:civilian scenario:location="46952"/>
  <scenario:civilian scenario:location="64859"/>
  <scenario:civilian scenario:location="63525"/>
  <scenario:civilian scenario:location="64903"/>
  <scenario:civilian scenario:location="64903"/>
  <scenario:civilian scenario:location="64903"/>
  <scenario:civilian scenario:location="59380"/>
  <scenario:civilian scenario:location="59380"/>
  <scenario:civilian scenario:location="47386"/>
  <scenario:civilian scenario:location="47386"/>
  <scenario:civilian scenario:location="44702"/>
  <scenario:civilian scenario:location="44702"/>
  <scenario:civilian scenario:location="64915"/>
  <scenario:civilian scenario:location="63706"/>
  <scenario:civilian scenario:location="63706"/>
  <scenario:civilian scenario:location="63706"/>
  <scenario:civilian scenario:location="47335"/>
  <scenario:civilian scenario:location="59248"/>
  <scenario:civilian scenario:location="59248"/>
  <scenario:civilian scenario:location="61542"/>
  <scenario:civilian scenario:location="52269"/>
  <scenario:civilian scenario:location="41946"/>
  <scenario:civilian scenario:location="41946"/>
  <scenario:civilian scenario:location="62425"/>
  <scenario:civilian scenario:location="26582"/>
  <scenario:civilian scenario:location="32162"/>
  <scenario:civilian scenario:location="58621"/>
  <scenario:civilian scenario:location="55816"/>
  <scenario:civilian scenario:location="63547"/>
  <scenario:civilian scenario:location="63550"/>
  <scenario:civilian scenario:location="58220"/>
  <scenario:civilian scenario:location="63524"/>
  <scenario:civilian scenario:location="63527"/>
  <scenario:civilian scenario:location="63527"/>
  <scenario:civilian scenario:location="64884"/>
  <scenario:civilian scenario:location="63546"/>
  <scenario:civilian scenario:location="63546"/>
  <scenario:civilian scenario:location="63548"/>
  <scenario:civilian scenario:location="63534"/>
  <scenario:civilian scenario:location="64859"/>
  <scenario:civilian scenario:location="26930"/>
  <scenario:civilian scenario:location="34009"/>
  <scenario:civilian scenario:location="47335"/>
  <scenario:civilian scenario:location="47335"/>
  <scenario:civilian scenario:location="32753"/>
  <scenario:civilian scenario:location="34009"/>
  <scenario:civilian scenario:location="34009"/>
  <scenario:civilian scenario:location="61542"/>
  <scenario:civilian scenario:location="41946"/>
  <scenario:civilian scenario:location="63546"/>
  <scenario:civilian scenario:location="63546"/>
  <scenario:civilian scenario:location="63546"/>
  <scenario:civilian scenario:location="63551"/>
  <scenario:civilian scenario:location="63738"/>
  <scenario:civilian scenario:location="64884"/>
  <scenario:civilian scenario:location="64401"/>
  <scenario:civilian scenario:location="28824"/>
  <scenario:civilian scenario:location="59507"/>
  <scenario:civilian scenario:location="59591"/>
  <scenario:civilian scenario:location="59591"/>
  <scenario:civilian scenario:location="64748"/>
  <scenario:civilian scenario:location="64717"/>
  <scenario:civilian scenario:location="56461"/>
  <scenario:civilian scenario:location="56461"/>
  <scenario:civilian scenario:location="59507"/>
  <scenario:civilian scenario:location="59591"/>
  <scenario:civilian scenario:location="59591"/>
  <scenario:civilian scenario:location="36242"/>
  <scenario:civilian scenario:location="36242"/>
  <scenario:civilian scenario:location="45423"/>
  <scenario:civilian scenario:location="14647"/>
  <scenario:civilian scenario:location="32367"/>
  <scenario:civilian scenario:location="32367"/>
  <scenario:civilian scenario:location="64748"/>
  <scenario:civilian scenario:location="63484"/>
  <scenario:civilian scenario:location="64717"/>
  <scenario:civilian scenario:location="40363"/>
  <scenario:civilian scenario:location="63546"/>
  <scenario:civilian scenario:location="63546"/>
  <scenario:civilian scenario:location="40119"/>
  <scenario:civilian scenario:location="61875"/>
  <scenario:civilian scenario:location="32134"/>
  <scenario:civilian scenario:location="19436"/>
  <scenario:civilian scenario:location="32134"/>
  <scenario:civilian scenario:location="35365"/>
  <scenario:civilian scenario:location="18458"/>
  <scenario:civilian scenario:location="61875"/>
  <scenario:civilian scenario:location="13864"/>
  <scenario:civilian scenario:location="13864"/>
  <scenario:civilian scenario:location="57136"/>
  <scenario:civilian scenario:location="57136"/>
  <scenario:civilian scenario:location="15592"/>
  <scenario:civilian scenario:location="58908"/>
  <scenario:civilian scenario:location="34423"/>
  <scenario:civilian scenario:location="37508"/>
  <scenario:civilian scenario:location="34717"/>
  <scenario:civilian scenario:location="64126"/>
  <scenario:civilian scenario:location="34717"/>
  <scenario:civilian scenario:location="25809"/>
  <scenario:civilian scenario:location="27126"/>
  <scenario:civilian scenario:location="51905"/>
  <scenario:civilian scenario:location="51905"/>
  <scenario:civilian scenario:location="63185"/>
  <scenario:civilian scenario:location="41392"/>
  <scenario:civilian scenario:location="41392"/>
  <scenario:civilian scenario:location="35365"/>
  <scenario:civilian scenario:location="35365"/>
  <scenario:civilian scenario:location="38230"/>
  <scenario:civilian scenario:location="38230"/>
  <scenario:civilian scenario:location="31255"/>
  <scenario:civilian scenario:location="18931"/>
  <scenario:civilian scenario:location="25110"/>
  <scenario:civilian scenario:location="25110"/>
  <scenario:civilian scenario:location="25110"/>
  <scenario:civilian scenario:location="5925"/>
  <scenario:civilian scenario:location="25809"/>
  <scenario:civilian scenario:location="34717"/>
  <scenario:civilian scenario:location="47306"/>
  <scenario:civilian scenario:location="34717"/>
  <scenario:civilian scenario:location="21182"/>
  <scenario:civilian scenario:location="21182"/>
  <scenario:civilian scenario:location="55733"/>
  <scenario:civilian scenario:location="55733"/>
  <scenario:civilian scenario:location="18458"/>
  <scenario:civilian scenario:location="29145"/>
  <scenario:civilian scenario:location="27126"/>
  <scenario:civilian scenario:location="27126"/>
  <scenario:civilian scenario:location="13360"/>
  <scenario:civilian scenario:location="6768"/>
  <scenario:civilian scenario:location="33954"/>
  <scenario:civilian scenario:location="27126"/>
  <scenario:civilian scenario:location="27126"/>
  <scenario:civilian scenario:location="51831"/>
  <scenario:civilian scenario:location="51905"/>
  <scenario:civilian scenario:location="38285"/>
  <scenario:civilian scenario:location="27126"/>
  <scenario:civilian scenario:location="52027"/>
  <scenario:civilian scenario:location="15727"/>
  <scenario:civilian scenario:location="64639"/>
  <scenario:civilian scenario:location="13486"/>
  <scenario:civilian scenario:location="64099"/>
  <scenario:civilian scenario:location="34717"/>
  <scenario:civilian scenario:location="41392"/>
  <scenario:civilian scenario:location="55275"/>
  <scenario:civilian scenario:location="56148"/>
  <scenario:civilian scenario:location="38285"/>
  <scenario:civilian scenario:location="8176"/>
  <scenario:civilian scenario:location="48479"/>
  <scenario:civilian scenario:location="65127"/>
  <scenario:civilian scenario:location="65123"/>
  <scenario:civilian scenario:location="38506"/>
  <scenario:civilian scenario:location="56369"/>
  <scenario:civilian scenario:location="46074"/>
  <scenario:civilian scenario:location="26075"/>
  <scenario:civilian scenario:location="56851"/>
  <scenario:civilian scenario:location="25063"/>
  <scenario:civilian scenario:location="57705"/>
  <scenario:civilian scenario:location="58289"/>
  <scenario:civilian scenario:location="29235"/>
  <scenario:civilian scenario:location="46408"/>
  <scenario:civilian scenario:location="20613"/>
  <scenario:civilian scenario:location="56400"/>
  <scenario:civilian scenario:location="48500"/>
  <scenario:civilian scenario:location="22247"/>
  <scenario:civilian scenario:location="22247"/>
  <scenario:civilian scenario:location="18343"/>
  <scenario:civilian scenario:location="24601"/>
  <scenario:civilian scenario:location="24601"/>
  <scenario:civilian scenario:location="27555"/>
  <scenario:civilian scenario:location="26075"/>
  <scenario:civilian scenario:location="28285"/>
  <scenario:civilian scenario:location="61008"/>
  <scenario:civilian scenario:location="61008"/>
  <scenario:civilian scenario:location="53000"/>
  <scenario:civilian scenario:location="53000"/>
  <scenario:civilian scenario:location="53573"/>
  <scenario:civilian scenario:location="45744"/>
  <scenario:civilian scenario:location="45744"/>
  <scenario:civilian scenario:location="56851"/>
  <scenario:civilian scenario:location="57705"/>
  <scenario:civilian scenario:location="38506"/>
  <scenario:civilian scenario:location="38506"/>
  <scenario:civilian scenario:location="38506"/>
  <scenario:civilian scenario:location="38506"/>
  <scenario:civilian scenario:location="38506"/>
  <scenario:civilian scenario:location="38506"/>
  <scenario:civilian scenario:location="38506"/>
  <scenario:civilian scenario:location="38506"/>
  <scenario:civilian scenario:location="38506"/>
  <scenario:civilian scenario:location="48479"/>
  <scenario:civilian scenario:location="48479"/>
  <scenario:civilian scenario:location="48479"/>
  <scenario:civilian scenario:location="48479"/>
  <scenario:civilian scenario:location="48479"/>
  <scenario:civilian scenario:location="48479"/>
  <scenario:civilian scenario:location="48479"/>
  <scenario:civilian scenario:location="48479"/>
  <scenario:civilian scenario:location="48479"/>
  <scenario:civilian scenario:location="58289"/>
  <scenario:civilian scenario:location="58289"/>
  <scenario:civilian scenario:location="58289"/>
  <scenario:civilian scenario:location="58289"/>
  <scenario:civilian scenario:location="58289"/>
  <scenario:civilian scenario:location="58289"/>
  <scenario:civilian scenario:location="58289"/>
  <scenario:civilian scenario:location="58289"/>
  <scenario:civilian scenario:location="58289"/>
  <scenario:civilian scenario:location="26075"/>
  <scenario:civilian scenario:location="26075"/>
  <scenario:civilian scenario:location="26075"/>
  <scenario:civilian scenario:location="27555"/>
  <scenario:civilian scenario:location="27555"/>
  <scenario:civilian scenario:location="27555"/>
  <scenario:civilian scenario:location="38816"/>
  <scenario:civilian scenario:location="38816"/>
  <scenario:civilian scenario:location="38816"/>
  <scenario:civilian scenario:location="38816"/>
  <scenario:civilian scenario:location="38816"/>
  <scenario:civilian scenario:location="38816"/>
  <scenario:civilian scenario:location="38816"/>
  <scenario:civilian scenario:location="38816"/>
  <scenario:civilian scenario:location="38816"/>
  <scenario:civilian scenario:location="56369"/>
  <scenario:civilian scenario:location="56369"/>
  <scenario:civilian scenario:location="56369"/>
  <scenario:civilian scenario:location="56369"/>
  <scenario:civilian scenario:location="65127"/>
  <scenario:civilian scenario:location="65127"/>
  <scenario:civilian scenario:location="65123"/>
  <scenario:civilian scenario:location="65123"/>
  <scenario:civilian scenario:location="65123"/>
  <scenario:firebrigade scenario:location="15457"/>
  <scenario:firebrigade scenario:location="15457"/>
  <scenario:firebrigade scenario:location="15457"/>
  <scenario:firebrigade scenario:location="15457"/>
  <scenario:firebrigade scenario:location="15457"/>
  <scenario:firebrigade scenario:location="15457"/>
  <scenario:firebrigade scenario:location="15457"/>
  <scenario:firebrigade scenario:location="15457"/>
  <scenario:firebrigade scenario:location="15457"/>
  <scenario:firebrigade scenario:location="15457"/>
  <scenario:firebrigade scenario:location="15457"/>
  <scenario:firebrigade scenario:location="15457"/>
  <scenario:firebrigade scenario:location="15457"/>
  <scenario:firebrigade scenario:location="15457"/>
  <scenario:firebrigade scenario:location="15457"/>
  <scenario:firebrigade scenario:location="15457"/>
  <scenario:firebrigade scenario:location="15457"/>
  <scenario:firebrigade scenario:location="15457"/>
  <scenario:firebrigade scenario:location="15457"/>
  <scenario:firebrigade scenario:location="15457"/>
  <scenario:firebrigade scenario:location="15457"/>
  <scenario:firebrigade scenario:location="15457"/>
  <scenario:firebrigade scenario:location="15457"/>
  <scenario:firebrigade scenario:location="15457"/>
  <scenario:firebrigade scenario:location="15457"/>
  <scenario:firebrigade scenario:location="15457"/>
  <scenario:firebrigade scenario:location="15457"/>
  <scenario:firebrigade scenario:location="15457"/>
  <scenario:firebrigade scenario:location="15457"/>
  <scenario:firebrigade scenario:location="15457"/>
  <scenario:firebrigade scenario:location="15457"/>
  <scenario:firebrigade scenario:location="15457"/>
  <scenario:firebrigade scenario:location="15457"/>
  <scenario:firebrigade scenario:location="15457"/>
  <scenario:firebrigade scenario:location="15457"/>
  <scenario:firebrigade scenario:location="15457"/>
  <scenario:firebrigade scenario:location="15457"/>
  <scenario:firebrigade scenario:location="15457"/>
  <scenario:firebrigade scenario:location="15457"/>
  <scenario:firebrigade scenario:location="15457"/>
  <scenario:firebrigade scenario:location="15457"/>
  <scenario:firebrigade scenario:location="15457"/>
  <scenario:firebrigade scenario:location="15457"/>
  <scenario:firebrigade scenario:location="15457"/>
  <scenario:firebrigade scenario:location="15457"/>
  <scenario:firebrigade scenario:location="15457"/>
  <scenario:policeforce scenario:location="8572"/>
  <scenario:policeforce scenario:location="8572"/>
  <scenario:policeforce scenario:location="8572"/>
  <scenario:policeforce scenario:location="8572"/>
  <scenario:policeforce scenario:location="8572"/>
  <scenario:policeforce scenario:location="8572"/>
  <scenario:policeforce scenario:location="8572"/>
  <scenario:policeforce scenario:location="8572"/>
  <scenario:policeforce scenario:location="8572"/>
  <scenario:policeforce scenario:location="53369"/>
  <scenario:ambulanceteam scenario:location="18220"/>
  <scenario:ambulanceteam scenario:location="18220"/>
  <scenario:ambulanceteam scenario:location="18220"/>
  <scenario:ambulanceteam scenario:location="18220"/>
  <scenario:ambulanceteam scenario:location="18220"/>
  <scenario:ambulanceteam scenario:location="18220"/>
  <scenario:ambulanceteam scenario:location="18220"/>
  <scenario:ambulanceteam scenario:location="18220"/>
  <scenario:ambulanceteam scenario:location="18220"/>
  <scenario:ambulanceteam scenario:location="18220"/>
  <scenario:ambulanceteam scenario:location="8572"/>
  <scenario:ambulanceteam scenario:location="8572"/>
  <scenario:ambulanceteam scenario:location="8572"/>
  <scenario:ambulanceteam scenario:location="8572"/>
  <scenario:ambulanceteam scenario:location="8572"/>
  <scenario:ambulanceteam scenario:location="8572"/>
  <scenario:ambulanceteam scenario:location="8572"/>
  <scenario:ambulanceteam scenario:location="8572"/>
  <scenario:ambulanceteam scenario:location="8572"/>
  <scenario:ambulanceteam scenario:location="8572"/>
  <scenario:ambulanceteam scenario:location="7330"/>
  <scenario:ambulanceteam scenario:location="7330"/>
  <scenario:ambulanceteam scenario:location="7330"/>
  <scenario:ambulanceteam scenario:location="7330"/>
  <scenario:ambulanceteam scenario:location="7330"/>
  <scenario:ambulanceteam scenario:location="7330"/>
  <scenario:ambulanceteam scenario:location="7330"/>
  <scenario:ambulanceteam scenario:location="7330"/>
</scenario:scenario>
