<?xml version="1.0" encoding="UTF-8"?>

<scenario:scenario xmlns:scenario="urn:roborescue:map:scenario">
  <scenario:refuge scenario:location="19490"/>
  <scenario:refuge scenario:location="18733"/>
  <scenario:refuge scenario:location="22670"/>
  <scenario:fire scenario:location="28812"/>
  <scenario:hydrant scenario:location="7746"/>
  <scenario:hydrant scenario:location="4677"/>
  <scenario:hydrant scenario:location="33989"/>
  <scenario:hydrant scenario:location="5001"/>
  <scenario:hydrant scenario:location="32781"/>
  <scenario:hydrant scenario:location="35918"/>
  <scenario:hydrant scenario:location="4245"/>
  <scenario:hydrant scenario:location="3030"/>
  <scenario:hydrant scenario:location="33431"/>
  <scenario:hydrant scenario:location="33815"/>
  <scenario:hydrant scenario:location="33567"/>
  <scenario:hydrant scenario:location="32672"/>
  <scenario:hydrant scenario:location="8097"/>
  <scenario:hydrant scenario:location="6882"/>
  <scenario:hydrant scenario:location="7206"/>
  <scenario:hydrant scenario:location="34279"/>
  <scenario:hydrant scenario:location="7017"/>
  <scenario:hydrant scenario:location="30890"/>
  <scenario:hydrant scenario:location="6315"/>
  <scenario:hydrant scenario:location="6252"/>
  <scenario:hydrant scenario:location="32557"/>
  <scenario:hydrant scenario:location="7728"/>
  <scenario:hydrant scenario:location="8628"/>
  <scenario:hydrant scenario:location="35958"/>
  <scenario:hydrant scenario:location="1782"/>
  <scenario:hydrant scenario:location="33723"/>
  <scenario:hydrant scenario:location="2175"/>
  <scenario:gasstation scenario:location="27348"/>
  <scenario:civilian scenario:location="34565"/>
  <scenario:civilian scenario:location="25352"/>
  <scenario:civilian scenario:location="29665"/>
  <scenario:civilian scenario:location="31160"/>
  <scenario:civilian scenario:location="33500"/>
  <scenario:civilian scenario:location="30903"/>
  <scenario:civilian scenario:location="34511"/>
  <scenario:civilian scenario:location="31177"/>
  <scenario:civilian scenario:location="18033"/>
  <scenario:civilian scenario:location="36162"/>
  <scenario:civilian scenario:location="12607"/>
  <scenario:civilian scenario:location="35367"/>
  <scenario:civilian scenario:location="31045"/>
  <scenario:civilian scenario:location="32623"/>
  <scenario:civilian scenario:location="15393"/>
  <scenario:civilian scenario:location="27337"/>
  <scenario:civilian scenario:location="26148"/>
  <scenario:civilian scenario:location="31160"/>
  <scenario:civilian scenario:location="11180"/>
  <scenario:civilian scenario:location="4596"/>
  <scenario:civilian scenario:location="4965"/>
  <scenario:civilian scenario:location="31261"/>
  <scenario:civilian scenario:location="22575"/>
  <scenario:civilian scenario:location="16426"/>
  <scenario:civilian scenario:location="6234"/>
  <scenario:civilian scenario:location="7521"/>
  <scenario:civilian scenario:location="5937"/>
  <scenario:civilian scenario:location="35918"/>
  <scenario:civilian scenario:location="2994"/>
  <scenario:civilian scenario:location="32837"/>
  <scenario:civilian scenario:location="34654"/>
  <scenario:civilian scenario:location="29162"/>
  <scenario:civilian scenario:location="2175"/>
  <scenario:civilian scenario:location="33003"/>
  <scenario:civilian scenario:location="32733"/>
  <scenario:civilian scenario:location="25001"/>
  <scenario:civilian scenario:location="33003"/>
  <scenario:civilian scenario:location="18060"/>
  <scenario:civilian scenario:location="34927"/>
  <scenario:civilian scenario:location="24799"/>
  <scenario:civilian scenario:location="32726"/>
  <scenario:civilian scenario:location="8601"/>
  <scenario:civilian scenario:location="21776"/>
  <scenario:civilian scenario:location="35374"/>
  <scenario:civilian scenario:location="3579"/>
  <scenario:civilian scenario:location="13512"/>
  <scenario:civilian scenario:location="32726"/>
  <scenario:civilian scenario:location="2328"/>
  <scenario:civilian scenario:location="28754"/>
  <scenario:civilian scenario:location="29556"/>
  <scenario:civilian scenario:location="32682"/>
  <scenario:civilian scenario:location="31041"/>
  <scenario:civilian scenario:location="7044"/>
  <scenario:civilian scenario:location="3552"/>
  <scenario:civilian scenario:location="21466"/>
  <scenario:civilian scenario:location="11497"/>
  <scenario:civilian scenario:location="12352"/>
  <scenario:civilian scenario:location="6513"/>
  <scenario:civilian scenario:location="21293"/>
  <scenario:civilian scenario:location="27657"/>
  <scenario:civilian scenario:location="5568"/>
  <scenario:civilian scenario:location="27082"/>
  <scenario:civilian scenario:location="36008"/>
  <scenario:civilian scenario:location="15700"/>
  <scenario:civilian scenario:location="31202"/>
  <scenario:civilian scenario:location="4632"/>
  <scenario:civilian scenario:location="25696"/>
  <scenario:civilian scenario:location="32595"/>
  <scenario:civilian scenario:location="29952"/>
  <scenario:civilian scenario:location="35960"/>
  <scenario:civilian scenario:location="26171"/>
  <scenario:civilian scenario:location="35923"/>
  <scenario:civilian scenario:location="36006"/>
  <scenario:civilian scenario:location="29692"/>
  <scenario:civilian scenario:location="22355"/>
  <scenario:civilian scenario:location="19843"/>
  <scenario:civilian scenario:location="26309"/>
  <scenario:civilian scenario:location="26309"/>
  <scenario:civilian scenario:location="32971"/>
  <scenario:civilian scenario:location="12518"/>
  <scenario:civilian scenario:location="21493"/>
  <scenario:civilian scenario:location="10670"/>
  <scenario:civilian scenario:location="10686"/>
  <scenario:civilian scenario:location="30982"/>
  <scenario:civilian scenario:location="31176"/>
  <scenario:civilian scenario:location="35964"/>
  <scenario:civilian scenario:location="22670"/>
  <scenario:civilian scenario:location="23985"/>
  <scenario:civilian scenario:location="16351"/>
  <scenario:civilian scenario:location="16324"/>
  <scenario:civilian scenario:location="17009"/>
  <scenario:civilian scenario:location="11716"/>
  <scenario:civilian scenario:location="11849"/>
  <scenario:civilian scenario:location="13333"/>
  <scenario:civilian scenario:location="21103"/>
  <scenario:civilian scenario:location="33338"/>
  <scenario:civilian scenario:location="34042"/>
  <scenario:civilian scenario:location="33146"/>
  <scenario:civilian scenario:location="24752"/>
  <scenario:civilian scenario:location="17229"/>
  <scenario:civilian scenario:location="35676"/>
  <scenario:civilian scenario:location="25421"/>
  <scenario:civilian scenario:location="10362"/>
  <scenario:civilian scenario:location="24725"/>
  <scenario:civilian scenario:location="10416"/>
  <scenario:civilian scenario:location="28839"/>
  <scenario:civilian scenario:location="14459"/>
  <scenario:civilian scenario:location="36469"/>
  <scenario:civilian scenario:location="14330"/>
  <scenario:civilian scenario:location="25264"/>
  <scenario:civilian scenario:location="22070"/>
  <scenario:civilian scenario:location="12763"/>
  <scenario:civilian scenario:location="21923"/>
  <scenario:civilian scenario:location="23545"/>
  <scenario:civilian scenario:location="23572"/>
  <scenario:civilian scenario:location="19871"/>
  <scenario:civilian scenario:location="33717"/>
  <scenario:civilian scenario:location="22043"/>
  <scenario:civilian scenario:location="23501"/>
  <scenario:civilian scenario:location="31252"/>
  <scenario:civilian scenario:location="24422"/>
  <scenario:civilian scenario:location="27209"/>
  <scenario:civilian scenario:location="17935"/>
  <scenario:civilian scenario:location="36066"/>
  <scenario:civilian scenario:location="22097"/>
  <scenario:civilian scenario:location="32644"/>
  <scenario:civilian scenario:location="25237"/>
  <scenario:civilian scenario:location="17741"/>
  <scenario:civilian scenario:location="25210"/>
  <scenario:civilian scenario:location="10220"/>
  <scenario:civilian scenario:location="25448"/>
  <scenario:civilian scenario:location="25487"/>
  <scenario:civilian scenario:location="23359"/>
  <scenario:civilian scenario:location="18964"/>
  <scenario:civilian scenario:location="36012"/>
  <scenario:civilian scenario:location="34224"/>
  <scenario:civilian scenario:location="9015"/>
  <scenario:civilian scenario:location="6954"/>
  <scenario:civilian scenario:location="4785"/>
  <scenario:civilian scenario:location="4614"/>
  <scenario:civilian scenario:location="3678"/>
  <scenario:civilian scenario:location="4587"/>
  <scenario:civilian scenario:location="36027"/>
  <scenario:civilian scenario:location="8790"/>
  <scenario:civilian scenario:location="9429"/>
  <scenario:civilian scenario:location="4479"/>
  <scenario:civilian scenario:location="8097"/>
  <scenario:civilian scenario:location="34562"/>
  <scenario:civilian scenario:location="8088"/>
  <scenario:civilian scenario:location="2265"/>
  <scenario:civilian scenario:location="4515"/>
  <scenario:civilian scenario:location="31108"/>
  <scenario:civilian scenario:location="6531"/>
  <scenario:civilian scenario:location="9168"/>
  <scenario:civilian scenario:location="34022"/>
  <scenario:civilian scenario:location="352"/>
  <scenario:civilian scenario:location="3462"/>
  <scenario:civilian scenario:location="33234"/>
  <scenario:civilian scenario:location="34072"/>
  <scenario:civilian scenario:location="31043"/>
  <scenario:civilian scenario:location="31131"/>
  <scenario:civilian scenario:location="33815"/>
  <scenario:civilian scenario:location="12194"/>
  <scenario:civilian scenario:location="33789"/>
  <scenario:civilian scenario:location="16654"/>
  <scenario:civilian scenario:location="25877"/>
  <scenario:civilian scenario:location="23679"/>
  <scenario:civilian scenario:location="16491"/>
  <scenario:civilian scenario:location="3003"/>
  <scenario:civilian scenario:location="7278"/>
  <scenario:civilian scenario:location="35782"/>
  <scenario:civilian scenario:location="35924"/>
  <scenario:civilian scenario:location="35803"/>
  <scenario:civilian scenario:location="33064"/>
  <scenario:civilian scenario:location="7683"/>
  <scenario:civilian scenario:location="2463"/>
  <scenario:civilian scenario:location="33002"/>
  <scenario:civilian scenario:location="6126"/>
  <scenario:civilian scenario:location="5577"/>
  <scenario:civilian scenario:location="32989"/>
  <scenario:civilian scenario:location="33815"/>
  <scenario:civilian scenario:location="35942"/>
  <scenario:civilian scenario:location="22779"/>
  <scenario:civilian scenario:location="19046"/>
  <scenario:civilian scenario:location="35536"/>
  <scenario:civilian scenario:location="11876"/>
  <scenario:civilian scenario:location="6504"/>
  <scenario:civilian scenario:location="16697"/>
  <scenario:civilian scenario:location="33000"/>
  <scenario:civilian scenario:location="33013"/>
  <scenario:civilian scenario:location="6486"/>
  <scenario:civilian scenario:location="10573"/>
  <scenario:civilian scenario:location="27437"/>
  <scenario:civilian scenario:location="15551"/>
  <scenario:civilian scenario:location="2355"/>
  <scenario:civilian scenario:location="18795"/>
  <scenario:civilian scenario:location="3363"/>
  <scenario:civilian scenario:location="4155"/>
  <scenario:civilian scenario:location="26421"/>
  <scenario:civilian scenario:location="3048"/>
  <scenario:firebrigade scenario:location="3624"/>
  <scenario:firebrigade scenario:location="36145"/>
  <scenario:firebrigade scenario:location="1846"/>
  <scenario:firebrigade scenario:location="7017"/>
  <scenario:firebrigade scenario:location="32802"/>
  <scenario:firebrigade scenario:location="34279"/>
  <scenario:firebrigade scenario:location="5433"/>
  <scenario:firebrigade scenario:location="32752"/>
  <scenario:firebrigade scenario:location="7611"/>
  <scenario:firebrigade scenario:location="4965"/>
  <scenario:firebrigade scenario:location="6837"/>
  <scenario:firebrigade scenario:location="3462"/>
  <scenario:firebrigade scenario:location="33132"/>
  <scenario:firebrigade scenario:location="1928"/>
  <scenario:firebrigade scenario:location="33002"/>
  <scenario:firebrigade scenario:location="32672"/>
  <scenario:firebrigade scenario:location="1873"/>
  <scenario:firebrigade scenario:location="8790"/>
  <scenario:firebrigade scenario:location="35352"/>
  <scenario:firebrigade scenario:location="34187"/>
  <scenario:firebrigade scenario:location="2661"/>
  <scenario:firebrigade scenario:location="5694"/>
  <scenario:firebrigade scenario:location="35345"/>
  <scenario:firebrigade scenario:location="7188"/>
  <scenario:firebrigade scenario:location="11865"/>
  <scenario:firebrigade scenario:location="3759"/>
  <scenario:firebrigade scenario:location="3048"/>
  <scenario:firebrigade scenario:location="5145"/>
  <scenario:firebrigade scenario:location="7062"/>
  <scenario:firebrigade scenario:location="7584"/>
  <scenario:firestation scenario:location="33048"/>
  <scenario:policeforce scenario:location="6261"/>
  <scenario:policeforce scenario:location="6873"/>
  <scenario:policeforce scenario:location="4353"/>
  <scenario:policeforce scenario:location="5019"/>
  <scenario:policeforce scenario:location="32538"/>
  <scenario:policeforce scenario:location="32809"/>
  <scenario:policeforce scenario:location="9231"/>
  <scenario:policeforce scenario:location="28548"/>
  <scenario:policeforce scenario:location="4416"/>
  <scenario:policeforce scenario:location="32646"/>
  <scenario:policeforce scenario:location="30884"/>
  <scenario:policeforce scenario:location="1682"/>
  <scenario:policeforce scenario:location="3525"/>
  <scenario:policeforce scenario:location="8088"/>
  <scenario:policeforce scenario:location="16080"/>
  <scenario:policeforce scenario:location="4047"/>
  <scenario:policeforce scenario:location="3075"/>
  <scenario:policeforce scenario:location="33357"/>
  <scenario:policeforce scenario:location="4524"/>
  <scenario:policeforce scenario:location="9141"/>
  <scenario:policeforce scenario:location="7512"/>
  <scenario:policeforce scenario:location="31114"/>
  <scenario:policeforce scenario:location="31108"/>
  <scenario:policeforce scenario:location="6126"/>
  <scenario:policeforce scenario:location="31257"/>
  <scenario:policeforce scenario:location="33707"/>
  <scenario:policeforce scenario:location="34462"/>
  <scenario:policeforce scenario:location="6990"/>
  <scenario:policeforce scenario:location="7899"/>
  <scenario:policeforce scenario:location="4551"/>
  <scenario:policeoffice scenario:location="21304"/>
  <scenario:ambulanceteam scenario:location="35936"/>
  <scenario:ambulanceteam scenario:location="31191"/>
  <scenario:ambulanceteam scenario:location="31236"/>
  <scenario:ambulanceteam scenario:location="10236"/>
  <scenario:ambulanceteam scenario:location="6882"/>
  <scenario:ambulanceteam scenario:location="34241"/>
  <scenario:ambulanceteam scenario:location="9267"/>
  <scenario:ambulanceteam scenario:location="35179"/>
  <scenario:ambulanceteam scenario:location="3390"/>
  <scenario:ambulanceteam scenario:location="20148"/>
  <scenario:ambulanceteam scenario:location="5748"/>
  <scenario:ambulanceteam scenario:location="4668"/>
  <scenario:ambulanceteam scenario:location="33416"/>
  <scenario:ambulanceteam scenario:location="35041"/>
  <scenario:ambulanceteam scenario:location="31237"/>
  <scenario:ambulanceteam scenario:location="35842"/>
  <scenario:ambulanceteam scenario:location="4839"/>
  <scenario:ambulanceteam scenario:location="33817"/>
  <scenario:ambulanceteam scenario:location="9510"/>
  <scenario:ambulanceteam scenario:location="5172"/>
  <scenario:ambulanceteam scenario:location="34584"/>
  <scenario:ambulanceteam scenario:location="7638"/>
  <scenario:ambulanceteam scenario:location="32929"/>
  <scenario:ambulanceteam scenario:location="33039"/>
  <scenario:ambulanceteam scenario:location="18637"/>
  <scenario:ambulanceteam scenario:location="33863"/>
  <scenario:ambulanceteam scenario:location="10209"/>
  <scenario:ambulanceteam scenario:location="2598"/>
  <scenario:ambulanceteam scenario:location="36471"/>
  <scenario:ambulanceteam scenario:location="9330"/>
  <scenario:ambulancecentre scenario:location="13512"/>
</scenario:scenario>
